RequestID,UserID,PetID,RequestDate,Status
1,1159,1901,2022-12-19,Rejected
2,707,1432,2023-06-28,Approved
3,508,2728,2022-03-04,Rejected
4,175,521,2022-08-01,Rejected
5,550,1275,2024-06-12,Approved
6,891,3094,2024-02-12,Rejected
7,510,3689,2024-03-17,Pending
8,240,3534,2023-08-01,Rejected
9,768,2522,2023-02-09,Rejected
10,272,3532,2024-11-17,Rejected
11,1061,3444,2024-09-19,Rejected
12,159,914,2024-11-10,Approved
13,710,1179,2024-05-21,Pending
14,471,51,2024-05-24,Approved
15,492,3177,2024-05-20,Pending
16,1074,182,2022-01-25,Rejected
17,1090,37,2022-07-18,Rejected
18,1135,859,2022-11-01,Pending
19,994,2581,2022-10-18,Pending
20,911,964,2024-12-06,Approved
21,1109,1425,2024-05-21,Approved
22,842,2154,2023-07-24,Pending
23,757,1219,2022-08-31,Rejected
24,1143,292,2022-10-10,Approved
25,66,360,2022-04-26,Pending
26,155,3603,2023-05-16,Pending
27,705,572,2023-06-04,Approved
28,200,3099,2024-02-24,Approved
29,526,2598,2024-05-19,Approved
30,1182,537,2024-04-13,Pending
31,1183,2874,2023-06-05,Pending
32,406,3763,2022-07-26,Approved
33,360,881,2023-01-15,Pending
34,991,3188,2022-01-02,Approved
35,288,2680,2024-08-29,Pending
36,957,2170,2022-03-06,Approved
37,85,2039,2022-09-28,Rejected
38,779,930,2024-05-28,Approved
39,180,3421,2023-03-26,Rejected
40,549,2532,2023-05-17,Approved
41,405,32,2024-11-29,Rejected
42,253,796,2022-11-13,Approved
43,951,1593,2024-11-21,Pending
44,258,2547,2023-04-25,Rejected
45,36,3092,2022-09-23,Rejected
46,775,3847,2022-01-21,Pending
47,1016,3726,2024-11-09,Approved
48,914,2012,2024-07-18,Approved
49,737,1086,2023-07-31,Pending
50,761,341,2023-03-05,Pending
51,158,3602,2023-01-03,Pending
52,437,2448,2022-07-13,Pending
53,665,596,2022-07-23,Approved
54,679,2927,2022-05-09,Pending
55,682,2899,2024-08-22,Rejected
56,675,1897,2023-01-02,Rejected
57,1126,3182,2022-01-06,Pending
58,926,95,2024-04-28,Pending
59,994,2865,2023-12-07,Pending
60,1097,1912,2024-06-09,Pending
61,1139,1896,2022-11-18,Approved
62,627,884,2023-03-01,Pending
63,849,3190,2022-03-19,Approved
64,326,3515,2024-03-11,Approved
65,1082,2701,2022-11-25,Approved
66,203,1896,2023-02-17,Pending
67,780,2729,2023-02-04,Pending
68,217,732,2024-07-12,Approved
69,1040,2697,2023-09-12,Rejected
70,312,1819,2022-11-09,Rejected
71,789,1246,2023-07-23,Pending
72,146,311,2022-10-07,Pending
73,836,1885,2022-08-13,Rejected
74,250,2129,2022-12-06,Pending
75,396,1631,2022-09-20,Approved
76,561,2251,2023-06-27,Rejected
77,916,3029,2022-01-04,Approved
78,550,1825,2024-10-24,Pending
79,1067,2245,2023-07-14,Rejected
80,820,19,2024-05-11,Approved
81,991,238,2022-11-20,Pending
82,73,1163,2023-11-15,Pending
83,666,533,2024-02-10,Rejected
84,997,2201,2023-12-28,Rejected
85,867,700,2022-12-19,Rejected
86,1124,257,2024-08-19,Rejected
87,605,1686,2024-07-01,Approved
88,450,3830,2023-08-28,Approved
89,1206,3884,2024-03-06,Pending
90,545,3687,2022-02-04,Pending
91,885,1021,2024-10-24,Approved
92,518,344,2024-08-11,Approved
93,97,2270,2022-04-29,Rejected
94,188,2372,2023-10-05,Pending
95,768,2316,2022-11-24,Rejected
96,47,3070,2023-03-02,Approved
97,478,3014,2024-08-24,Rejected
98,682,3000,2022-08-06,Rejected
99,1150,2399,2023-12-19,Approved
100,82,1697,2023-08-23,Pending
101,938,2739,2024-07-29,Pending
102,237,3047,2024-05-06,Pending
103,836,120,2023-05-12,Pending
104,626,3000,2023-10-26,Pending
105,8,2764,2023-10-04,Pending
106,90,263,2024-02-26,Pending
107,432,3749,2024-04-21,Rejected
108,470,2618,2022-06-21,Pending
109,259,2896,2022-05-11,Approved
110,431,2668,2023-03-16,Pending
111,234,2330,2024-09-18,Approved
112,947,1473,2024-12-07,Rejected
113,241,36,2023-04-11,Approved
114,978,1002,2024-12-27,Rejected
115,544,433,2022-05-19,Pending
116,157,3628,2023-01-04,Approved
117,175,835,2023-05-13,Approved
118,1169,3706,2022-02-01,Rejected
119,341,12,2022-07-04,Pending
120,491,3890,2022-01-19,Rejected
121,715,367,2022-04-29,Approved
122,411,2747,2024-07-08,Approved
123,328,539,2022-05-28,Rejected
124,258,417,2024-07-17,Approved
125,829,1824,2024-11-11,Pending
126,678,2611,2024-01-27,Approved
127,478,2955,2024-08-31,Rejected
128,2,1883,2023-05-19,Pending
129,416,1991,2022-11-22,Approved
130,385,2624,2023-08-26,Approved
131,670,1552,2022-06-29,Pending
132,1064,3509,2024-08-27,Pending
133,699,1486,2022-11-30,Rejected
134,556,2574,2023-03-03,Approved
135,378,2666,2024-04-12,Approved
136,281,3432,2023-05-07,Rejected
137,439,3255,2024-04-24,Approved
138,895,2632,2023-08-08,Rejected
139,356,3008,2022-06-02,Rejected
140,1208,2675,2022-03-29,Pending
141,488,2853,2024-08-17,Approved
142,269,269,2024-06-17,Approved
143,1110,3511,2023-10-14,Approved
144,177,2033,2024-01-12,Rejected
145,770,486,2023-05-10,Rejected
146,670,1383,2022-08-18,Rejected
147,976,3247,2024-07-31,Approved
148,1228,1390,2022-07-14,Approved
149,90,1129,2024-07-28,Approved
150,915,1567,2024-08-16,Approved
151,652,1513,2022-09-19,Approved
152,339,3689,2024-01-21,Rejected
153,1063,2199,2023-10-28,Pending
154,894,452,2024-05-26,Approved
155,1008,2520,2023-05-31,Rejected
156,919,3017,2024-11-08,Rejected
157,727,1423,2022-05-14,Approved
158,473,3255,2024-11-11,Approved
159,1189,206,2024-10-13,Pending
160,1169,2232,2022-09-06,Pending
161,725,2571,2024-01-10,Pending
162,430,2272,2022-12-28,Pending
163,1057,1759,2022-03-17,Approved
164,501,2283,2024-09-17,Pending
165,173,2797,2023-03-15,Rejected
166,842,1517,2022-04-08,Pending
167,323,3053,2022-09-17,Pending
168,500,1066,2024-01-28,Rejected
169,713,1874,2022-02-12,Pending
170,489,943,2022-03-03,Pending
171,951,2128,2024-11-14,Rejected
172,1145,669,2024-01-08,Pending
173,570,502,2023-07-27,Rejected
174,1171,1437,2024-10-30,Approved
175,935,1020,2022-06-10,Pending
176,553,481,2024-06-30,Rejected
177,116,3287,2023-11-16,Pending
178,1090,2210,2022-05-26,Pending
179,141,3829,2023-05-11,Rejected
180,383,453,2023-10-14,Rejected
181,1215,2915,2023-03-16,Approved
182,992,2536,2023-09-27,Pending
183,138,2319,2023-08-24,Pending
184,740,841,2023-02-03,Rejected
185,910,1841,2022-11-25,Pending
186,242,1888,2023-11-25,Approved
187,844,520,2022-09-05,Approved
188,127,494,2022-06-24,Rejected
189,1054,1248,2023-12-09,Pending
190,1217,610,2022-08-31,Approved
191,859,3840,2023-06-01,Approved
192,129,2333,2023-09-19,Pending
193,370,1901,2023-05-10,Pending
194,645,856,2024-01-16,Rejected
195,896,2221,2024-03-27,Rejected
196,666,1671,2023-05-07,Approved
197,428,1238,2024-07-06,Approved
198,147,766,2023-03-11,Approved
199,528,3571,2024-11-14,Pending
200,1084,189,2022-03-04,Pending
201,61,2338,2023-08-15,Rejected
202,1208,3827,2022-07-05,Pending
203,873,1031,2023-08-26,Pending
204,584,3232,2022-04-08,Pending
205,774,1476,2024-12-20,Rejected
206,970,3812,2024-07-09,Pending
207,1166,2811,2023-10-06,Approved
208,1209,3111,2024-11-22,Pending
209,75,1735,2022-12-01,Pending
210,324,480,2024-12-01,Pending
211,649,3146,2024-02-07,Approved
212,71,1444,2023-08-31,Approved
213,886,690,2022-08-19,Approved
214,673,3512,2024-06-18,Rejected
215,409,3303,2022-08-16,Rejected
216,315,1136,2022-02-11,Approved
217,1039,1726,2024-04-29,Approved
218,953,2676,2022-12-19,Rejected
219,519,2827,2022-09-23,Rejected
220,68,300,2022-05-12,Rejected
221,1051,964,2022-03-09,Rejected
222,923,2169,2023-08-27,Rejected
223,188,167,2024-05-20,Rejected
224,1010,762,2024-06-17,Pending
225,441,2898,2023-05-22,Rejected
226,559,3752,2024-12-02,Approved
227,672,1769,2023-02-15,Pending
228,245,2490,2022-12-21,Rejected
229,137,2019,2022-08-01,Approved
230,1215,741,2024-06-22,Pending
231,997,1837,2022-03-09,Pending
232,624,1433,2023-04-09,Rejected
233,969,1232,2022-03-21,Pending
234,298,934,2023-07-10,Approved
235,1171,1033,2023-07-30,Approved
236,703,912,2023-05-18,Rejected
237,611,2899,2023-01-19,Pending
238,661,3112,2023-11-24,Approved
239,32,2018,2022-12-24,Rejected
240,1006,1209,2022-07-09,Approved
241,1113,1792,2023-05-04,Rejected
242,994,2137,2022-12-18,Rejected
243,703,1436,2023-07-30,Pending
244,318,326,2023-07-02,Pending
245,893,1980,2023-09-04,Pending
246,402,149,2024-10-12,Approved
247,823,2754,2023-07-21,Approved
248,300,1369,2023-08-23,Rejected
249,1183,1310,2023-01-09,Rejected
250,1135,985,2023-08-27,Approved
251,1026,5,2023-08-26,Pending
252,297,1896,2024-05-21,Approved
253,867,2288,2024-01-08,Approved
254,887,2245,2024-06-11,Rejected
255,1042,1964,2024-02-13,Pending
256,323,77,2022-05-11,Approved
257,1090,464,2023-01-31,Rejected
258,1127,3179,2023-12-11,Rejected
259,602,2478,2024-03-31,Pending
260,1065,1655,2024-10-23,Approved
261,695,481,2023-02-07,Approved
262,98,3060,2024-04-18,Pending
263,1148,2620,2024-09-14,Approved
264,678,698,2022-11-29,Pending
265,1074,3163,2023-12-20,Rejected
266,607,529,2024-07-25,Approved
267,19,113,2022-07-21,Pending
268,1001,1305,2023-07-15,Rejected
269,659,142,2023-05-04,Rejected
270,936,1808,2023-03-27,Approved
271,958,3862,2022-02-26,Rejected
272,919,2893,2023-04-04,Pending
273,671,987,2022-02-09,Approved
274,689,2627,2022-08-26,Rejected
275,1165,1060,2022-03-01,Rejected
276,549,2429,2023-07-14,Approved
277,55,2097,2024-06-05,Approved
278,1192,1936,2022-06-10,Approved
279,470,3187,2022-05-14,Approved
280,920,1428,2024-10-20,Approved
281,870,658,2022-10-19,Approved
282,607,3721,2024-05-02,Rejected
283,492,402,2023-09-04,Pending
284,869,2713,2022-10-23,Pending
285,1210,242,2023-07-23,Rejected
286,321,795,2022-12-04,Pending
287,133,440,2024-10-14,Rejected
288,247,2068,2022-10-26,Approved
289,310,3256,2022-08-30,Approved
290,56,2430,2024-10-30,Approved
291,1203,1878,2022-11-04,Rejected
292,754,1186,2022-10-10,Pending
293,602,3696,2024-06-19,Pending
294,998,673,2022-04-09,Approved
295,1223,2600,2023-03-18,Pending
296,679,3464,2024-04-18,Rejected
297,1174,61,2023-07-06,Approved
298,761,1946,2024-11-08,Approved
299,323,2606,2022-04-10,Pending
300,397,3765,2023-07-15,Approved
301,839,2196,2022-07-22,Approved
302,574,765,2023-09-18,Pending
303,278,3804,2022-04-16,Approved
304,272,538,2024-02-20,Pending
305,627,2176,2022-06-18,Pending
306,575,2302,2024-07-23,Rejected
307,652,812,2024-01-17,Rejected
308,498,3199,2024-10-06,Rejected
309,1157,1343,2022-06-18,Pending
310,162,1590,2023-11-04,Rejected
311,299,209,2022-01-03,Rejected
312,721,3041,2024-10-05,Rejected
313,963,2688,2022-09-19,Approved
314,1214,3272,2022-01-31,Rejected
315,446,3370,2023-12-04,Approved
316,1019,491,2022-02-13,Pending
317,387,286,2024-08-16,Pending
318,817,2370,2022-09-21,Approved
319,1213,578,2023-05-10,Pending
320,1059,996,2022-06-07,Pending
321,31,2588,2023-08-15,Approved
322,1000,739,2023-07-07,Pending
323,814,1177,2023-05-26,Rejected
324,126,1450,2024-05-06,Pending
325,16,3214,2024-03-26,Rejected
326,1105,653,2024-02-02,Rejected
327,497,1616,2024-01-09,Approved
328,1082,842,2022-01-27,Pending
329,213,810,2024-04-11,Approved
330,541,1092,2023-07-02,Rejected
331,39,641,2024-12-09,Pending
332,808,359,2024-06-22,Pending
333,515,3245,2022-01-12,Approved
334,841,3778,2022-02-18,Pending
335,859,3856,2022-03-06,Approved
336,867,676,2022-04-10,Approved
337,951,2713,2023-06-22,Rejected
338,531,1500,2023-05-15,Rejected
339,916,222,2024-10-12,Pending
340,881,513,2022-04-11,Approved
341,1078,3083,2023-12-17,Pending
342,962,200,2022-11-27,Approved
343,512,3524,2022-07-13,Approved
344,560,1168,2024-01-22,Pending
345,1200,216,2023-10-13,Rejected
346,337,132,2023-12-23,Rejected
347,815,633,2023-10-15,Approved
348,649,1119,2023-10-16,Rejected
349,34,2890,2024-03-30,Approved
350,997,2983,2024-08-24,Pending
351,171,3162,2023-10-19,Pending
352,1174,1926,2022-11-02,Approved
353,372,3401,2024-08-29,Approved
354,726,3480,2022-02-09,Approved
355,351,2502,2022-10-13,Approved
356,337,805,2023-04-18,Approved
357,850,2482,2023-03-18,Pending
358,751,1462,2022-10-03,Pending
359,1116,374,2023-05-16,Approved
360,1029,1744,2022-11-01,Pending
361,84,430,2024-02-09,Approved
362,933,2828,2022-02-14,Rejected
363,1092,2974,2024-12-24,Approved
364,287,3073,2022-07-20,Rejected
365,1126,1086,2024-07-10,Rejected
366,774,3767,2024-03-21,Pending
367,450,170,2024-03-25,Rejected
368,164,2796,2024-09-22,Rejected
369,1179,2713,2023-05-16,Approved
370,571,1233,2022-04-12,Approved
371,476,808,2023-07-08,Pending
372,360,2725,2022-06-03,Pending
373,858,72,2022-07-24,Pending
374,646,1405,2024-11-18,Pending
375,251,1385,2023-05-16,Rejected
376,1208,1707,2022-11-13,Pending
377,426,1693,2022-08-29,Pending
378,317,222,2022-09-12,Pending
379,162,2925,2024-03-19,Pending
380,103,28,2024-02-25,Rejected
381,298,3570,2023-11-30,Rejected
382,105,3356,2022-10-14,Approved
383,1167,1412,2024-02-15,Rejected
384,551,931,2023-04-25,Rejected
385,460,626,2024-07-31,Approved
386,577,1519,2023-10-06,Rejected
387,193,369,2023-01-03,Rejected
388,1005,1733,2023-02-11,Rejected
389,548,1575,2024-03-12,Pending
390,458,153,2023-07-12,Approved
391,996,585,2022-11-21,Rejected
392,371,318,2023-08-25,Approved
393,992,1109,2024-03-03,Approved
394,233,565,2024-05-26,Rejected
395,1143,457,2023-05-28,Rejected
396,364,1130,2024-02-18,Pending
397,351,913,2024-07-20,Approved
398,621,1389,2022-11-28,Rejected
399,1158,1354,2022-07-28,Rejected
400,61,2238,2023-04-26,Approved
401,727,1454,2023-11-07,Rejected
402,373,3268,2023-04-21,Pending
403,951,2425,2022-08-13,Approved
404,299,3530,2022-08-03,Pending
405,1110,2162,2022-05-16,Pending
406,145,1292,2024-08-20,Pending
407,135,2147,2023-12-24,Pending
408,372,1852,2023-07-28,Pending
409,835,2654,2022-10-05,Approved
410,340,84,2022-11-01,Rejected
411,761,1363,2023-11-27,Rejected
412,309,1888,2024-09-23,Approved
413,263,60,2023-06-19,Pending
414,1051,2777,2023-07-25,Pending
415,935,350,2022-12-11,Pending
416,1028,2552,2023-11-20,Pending
417,526,3461,2023-01-12,Pending
418,282,2716,2024-08-14,Pending
419,645,510,2024-12-04,Approved
420,630,2747,2023-12-02,Pending
421,933,2602,2023-10-25,Approved
422,25,1375,2024-05-26,Approved
423,943,3471,2024-10-11,Rejected
424,852,3016,2022-08-14,Approved
425,464,3194,2024-08-23,Approved
426,15,2520,2024-10-13,Pending
427,316,2987,2023-03-26,Pending
428,897,2841,2022-07-20,Pending
429,582,2296,2023-09-16,Rejected
430,963,1538,2023-01-13,Rejected
431,294,3638,2023-04-14,Pending
432,1036,2429,2024-11-13,Approved
433,437,1285,2024-11-22,Pending
434,982,1438,2024-08-05,Approved
435,760,1059,2022-10-04,Rejected
436,340,3174,2022-11-17,Approved
437,250,3802,2023-04-03,Rejected
438,490,3483,2022-04-13,Pending
439,819,3225,2024-11-28,Approved
440,786,2868,2023-06-27,Pending
441,1080,1324,2024-07-09,Approved
442,361,3039,2023-05-04,Pending
443,840,2166,2023-12-17,Pending
444,148,1786,2022-04-26,Approved
445,121,2324,2022-02-01,Pending
446,1046,1394,2024-12-21,Rejected
447,1005,2272,2024-09-14,Pending
448,307,855,2024-03-17,Approved
449,164,1052,2023-11-20,Pending
450,453,1865,2024-12-29,Rejected
451,577,2911,2024-10-20,Rejected
452,818,1577,2022-12-13,Pending
453,539,3855,2024-12-22,Pending
454,1018,1892,2023-12-14,Approved
455,574,3024,2024-06-10,Approved
456,1080,1376,2024-10-28,Approved
457,898,1525,2024-03-29,Pending
458,492,224,2022-02-04,Pending
459,1,594,2024-12-28,Approved
460,1128,249,2024-05-26,Rejected
461,990,3603,2024-05-15,Approved
462,382,64,2024-08-06,Rejected
463,226,1768,2023-07-19,Approved
464,693,3251,2024-02-02,Pending
465,480,1657,2023-12-04,Pending
466,28,420,2023-10-04,Rejected
467,1132,3385,2022-12-27,Approved
468,460,873,2024-07-21,Rejected
469,1080,690,2024-12-31,Rejected
470,478,1450,2024-10-25,Rejected
471,911,1893,2022-10-13,Approved
472,357,3474,2023-08-04,Approved
473,787,206,2024-08-15,Approved
474,660,1807,2023-02-03,Pending
475,1041,890,2023-11-20,Pending
476,258,88,2022-02-13,Approved
477,492,2556,2022-11-01,Approved
478,967,2969,2022-04-30,Rejected
479,595,1860,2024-03-30,Pending
480,666,1675,2024-02-07,Approved
481,991,3765,2024-03-15,Rejected
482,858,2527,2024-04-05,Rejected
483,80,550,2024-12-18,Pending
484,1027,3009,2022-11-06,Pending
485,666,1787,2024-07-07,Rejected
486,796,2022,2024-10-04,Approved
487,1220,2308,2023-05-03,Pending
488,381,2841,2022-03-26,Approved
489,1111,2435,2022-02-05,Pending
490,181,2667,2023-04-19,Approved
491,221,307,2023-12-23,Pending
492,398,2819,2023-10-12,Rejected
493,697,2716,2024-06-30,Approved
494,464,1981,2024-01-13,Pending
495,341,148,2024-02-29,Rejected
496,356,2329,2023-11-14,Pending
497,344,2499,2023-08-12,Pending
498,537,1524,2023-02-05,Rejected
499,216,51,2024-10-29,Pending
500,361,1275,2023-12-07,Approved
501,566,16,2024-06-10,Approved
502,765,3737,2022-06-29,Pending
503,429,1565,2024-10-04,Pending
504,963,554,2023-07-18,Pending
505,442,113,2024-03-06,Approved
506,557,1574,2022-12-09,Approved
507,190,3572,2022-01-30,Approved
508,222,2575,2024-05-20,Pending
509,215,2624,2022-07-26,Approved
510,980,2206,2022-08-04,Pending
511,675,3300,2024-04-27,Rejected
512,606,2396,2022-10-25,Rejected
513,1053,2220,2022-07-23,Approved
514,223,3793,2022-04-01,Approved
515,488,2533,2023-05-22,Pending
516,440,2641,2022-04-20,Approved
517,367,91,2024-07-21,Pending
518,728,314,2023-03-10,Pending
519,167,944,2023-03-03,Approved
520,832,947,2023-06-07,Approved
521,687,1755,2022-02-28,Pending
522,180,2386,2023-09-04,Pending
523,264,1274,2022-09-07,Pending
524,44,381,2024-02-26,Rejected
525,399,2732,2022-11-03,Pending
526,1026,1658,2022-08-08,Approved
527,606,872,2023-02-18,Rejected
528,528,2851,2024-10-05,Approved
529,784,1977,2023-12-22,Rejected
530,796,218,2023-05-21,Approved
531,1027,2547,2022-02-23,Approved
532,1025,401,2024-09-06,Pending
533,222,2753,2024-09-05,Approved
534,1000,2654,2023-04-23,Approved
535,960,2485,2022-04-09,Rejected
536,691,2248,2022-06-28,Approved
537,1140,2467,2023-06-24,Rejected
538,1086,2126,2024-02-28,Rejected
539,909,2490,2024-05-02,Rejected
540,17,1272,2023-01-23,Rejected
541,797,2485,2022-02-16,Rejected
542,1199,2460,2022-03-13,Pending
543,780,259,2022-04-17,Approved
544,1021,2235,2024-12-17,Pending
545,981,605,2022-08-22,Approved
546,639,3886,2024-01-01,Approved
547,953,2978,2023-11-17,Approved
548,688,1718,2023-06-12,Approved
549,835,461,2024-03-13,Rejected
550,1182,2029,2023-03-27,Rejected
551,351,2212,2022-09-28,Approved
552,767,3689,2024-08-04,Rejected
553,440,1610,2022-06-25,Approved
554,906,810,2024-03-14,Rejected
555,474,2708,2024-03-22,Pending
556,418,424,2024-03-30,Pending
557,871,3319,2023-03-20,Approved
558,1090,3066,2022-06-10,Approved
559,951,1760,2024-01-19,Approved
560,1064,1867,2023-04-27,Pending
561,1123,3260,2023-11-19,Pending
562,100,3654,2023-11-14,Rejected
563,1114,3386,2024-02-06,Pending
564,1067,2011,2024-11-17,Approved
565,925,960,2023-04-25,Rejected
566,300,3243,2022-05-17,Rejected
567,174,1911,2022-07-20,Pending
568,778,3244,2024-01-22,Rejected
569,679,307,2022-09-21,Approved
570,973,3661,2023-04-27,Approved
571,1099,1558,2024-07-13,Pending
572,644,2492,2023-09-21,Rejected
573,467,2147,2023-05-28,Rejected
574,364,3674,2024-04-15,Pending
575,457,1180,2023-08-13,Pending
576,939,947,2024-06-07,Rejected
577,618,3071,2024-11-24,Pending
578,1203,2164,2024-11-26,Pending
579,985,2201,2024-05-18,Approved
580,636,1569,2024-01-22,Approved
581,890,1741,2024-02-09,Pending
582,1081,1367,2023-07-12,Approved
583,985,2444,2022-04-27,Pending
584,613,482,2023-09-29,Pending
585,855,3826,2022-03-06,Pending
586,896,1617,2023-07-02,Rejected
587,1118,1133,2022-03-11,Rejected
588,977,3844,2023-09-25,Rejected
589,598,1211,2023-10-30,Rejected
590,831,1468,2023-01-07,Approved
591,198,2748,2023-01-06,Rejected
592,875,442,2022-12-12,Pending
593,321,2762,2023-01-02,Rejected
594,961,3181,2024-02-04,Rejected
595,280,3184,2022-02-24,Approved
596,492,3080,2024-10-22,Approved
597,459,2629,2022-02-28,Rejected
598,342,2202,2022-04-02,Pending
599,639,1465,2022-12-08,Approved
600,287,2699,2024-01-31,Pending
601,334,1024,2024-09-30,Approved
602,342,3395,2024-06-20,Approved
603,408,1305,2022-02-23,Pending
604,128,2470,2022-12-17,Approved
605,60,50,2022-03-26,Rejected
606,760,2764,2022-06-05,Rejected
607,1163,2235,2022-09-13,Pending
608,4,3570,2024-08-22,Approved
609,57,916,2022-05-24,Approved
610,256,2013,2022-03-15,Rejected
611,1202,2480,2022-07-18,Rejected
612,311,1865,2023-02-17,Rejected
613,63,3005,2024-07-17,Pending
614,296,1043,2022-10-15,Rejected
615,687,202,2024-10-03,Approved
616,565,1050,2022-09-16,Rejected
617,436,978,2023-08-05,Approved
618,834,2150,2022-11-10,Approved
619,340,1178,2022-04-28,Rejected
620,86,1613,2023-03-27,Approved
621,196,3471,2023-07-26,Rejected
622,711,2832,2024-08-13,Rejected
623,657,1146,2023-06-22,Pending
624,767,1790,2024-04-22,Rejected
625,258,1036,2024-02-09,Rejected
626,284,3257,2023-05-17,Rejected
627,1074,2519,2024-08-09,Pending
628,231,1899,2023-09-04,Pending
629,704,1489,2024-12-23,Rejected
630,731,1243,2024-01-22,Rejected
631,920,2574,2022-11-04,Rejected
632,847,2622,2022-07-18,Rejected
633,741,2215,2023-09-13,Approved
634,711,2401,2022-06-08,Approved
635,891,1132,2024-06-01,Pending
636,846,2773,2023-11-17,Approved
637,209,3686,2024-07-01,Approved
638,146,1930,2024-08-27,Pending
639,925,803,2024-07-18,Rejected
640,3,2491,2023-09-26,Rejected
641,1082,3235,2023-09-24,Pending
642,184,2482,2022-02-19,Approved
643,676,1389,2022-10-31,Pending
644,496,2363,2022-08-28,Pending
645,562,3594,2023-12-10,Approved
646,933,2284,2023-10-31,Rejected
647,100,186,2024-08-27,Approved
648,691,388,2024-01-08,Rejected
649,958,1912,2022-03-13,Approved
650,1124,2139,2022-07-17,Rejected
651,1212,448,2022-10-31,Rejected
652,185,3006,2024-07-03,Approved
653,784,668,2024-04-17,Pending
654,668,332,2024-05-05,Pending
655,1062,2888,2024-02-27,Approved
656,1113,893,2024-03-05,Rejected
657,545,2107,2023-07-05,Rejected
658,178,2210,2022-12-06,Approved
659,631,475,2022-06-17,Approved
660,841,3499,2024-02-25,Pending
661,423,3791,2022-09-07,Approved
662,1216,60,2023-10-01,Rejected
663,409,3732,2022-01-11,Pending
664,256,2723,2023-12-15,Rejected
665,735,1944,2023-12-26,Approved
666,865,3311,2022-06-14,Rejected
667,557,1456,2022-07-12,Approved
668,477,2892,2022-03-21,Rejected
669,354,3595,2022-06-27,Rejected
670,1200,3414,2023-02-23,Rejected
671,1036,3029,2024-03-18,Rejected
672,737,702,2023-07-15,Rejected
673,227,3240,2022-09-04,Approved
674,553,671,2022-11-04,Pending
675,1158,1051,2023-07-08,Pending
676,1133,1312,2024-10-06,Pending
677,648,1294,2023-06-16,Pending
678,1106,1030,2022-09-22,Pending
679,885,1788,2022-07-24,Pending
680,432,3133,2023-08-20,Approved
681,462,3441,2024-11-28,Pending
682,123,952,2022-11-27,Rejected
683,360,2638,2024-06-18,Pending
684,524,3186,2022-01-06,Pending
685,798,3601,2023-12-26,Approved
686,780,2678,2022-07-13,Approved
687,170,1690,2023-08-16,Approved
688,151,1465,2024-11-22,Approved
689,752,2362,2022-04-07,Approved
690,1115,118,2023-04-24,Approved
691,209,3832,2022-10-24,Pending
692,123,872,2023-05-12,Approved
693,272,3673,2023-07-30,Pending
694,1217,3532,2023-05-17,Rejected
695,889,3251,2024-05-20,Pending
696,955,2459,2024-05-01,Pending
697,304,2240,2022-08-15,Approved
698,368,2883,2024-09-04,Rejected
699,167,2826,2023-09-01,Pending
700,1138,448,2023-06-30,Pending
701,818,3639,2024-06-29,Rejected
702,292,1785,2023-03-31,Pending
703,935,2670,2024-06-12,Pending
704,153,3295,2022-08-04,Rejected
705,882,3658,2022-08-04,Pending
706,707,778,2023-02-13,Pending
707,1134,1300,2024-01-03,Approved
708,191,3460,2022-12-12,Rejected
709,1179,651,2024-06-17,Pending
710,320,2289,2023-09-03,Approved
711,682,1217,2022-01-06,Rejected
712,948,2533,2022-12-15,Pending
713,165,1854,2023-06-01,Pending
714,985,3011,2024-02-29,Rejected
715,465,2427,2022-04-02,Pending
716,1176,1633,2023-07-02,Approved
717,428,1973,2022-04-16,Pending
718,735,1819,2023-01-13,Approved
719,166,540,2024-09-06,Pending
720,994,3040,2024-04-16,Approved
721,1111,609,2024-04-09,Pending
722,660,2743,2022-07-14,Approved
723,620,440,2023-11-17,Approved
724,937,2484,2022-04-09,Pending
725,1021,400,2022-01-11,Approved
726,341,1401,2023-04-26,Approved
727,12,2347,2023-03-08,Pending
728,382,2473,2023-06-27,Rejected
729,852,759,2022-05-25,Approved
730,1200,2614,2024-01-17,Pending
731,150,3483,2023-06-20,Pending
732,131,319,2022-01-20,Pending
733,60,1408,2024-09-18,Rejected
734,1057,1443,2023-05-05,Rejected
735,1114,3502,2023-10-24,Pending
736,61,3110,2022-03-10,Pending
737,15,1254,2022-01-18,Approved
738,933,3032,2022-09-09,Approved
739,1126,778,2022-05-15,Rejected
740,224,2115,2022-04-20,Rejected
741,910,2225,2024-07-09,Rejected
742,879,1311,2024-09-18,Approved
743,1179,3482,2024-05-06,Rejected
744,204,278,2024-09-15,Pending
745,653,1245,2023-01-09,Pending
746,712,2201,2023-11-23,Pending
747,362,2611,2022-09-03,Pending
748,141,2519,2022-03-07,Approved
749,1081,2457,2024-08-03,Approved
750,541,2574,2023-08-13,Rejected
751,170,393,2022-10-24,Pending
752,868,1035,2024-09-20,Approved
753,879,86,2023-10-10,Rejected
754,703,600,2023-03-01,Rejected
755,712,3543,2023-05-24,Rejected
756,475,1262,2022-03-09,Pending
757,849,3142,2022-07-24,Approved
758,28,2147,2024-12-10,Approved
759,397,412,2023-11-29,Approved
760,990,3432,2024-06-24,Pending
761,1094,2167,2022-07-30,Approved
762,1008,3030,2023-03-28,Rejected
763,166,1358,2024-01-11,Pending
764,684,1805,2023-08-02,Pending
765,1003,1891,2022-10-16,Pending
766,127,1706,2023-11-23,Pending
767,322,330,2023-04-01,Approved
768,1075,1113,2022-09-06,Rejected
769,908,223,2022-03-28,Approved
770,861,1989,2023-08-28,Rejected
771,170,3654,2024-10-09,Approved
772,300,917,2023-04-01,Rejected
773,203,3060,2023-11-27,Approved
774,702,1848,2024-09-13,Approved
775,939,1714,2022-07-31,Rejected
776,474,2433,2023-03-02,Rejected
777,1223,3173,2022-02-22,Approved
778,369,3050,2022-11-15,Pending
779,136,1980,2023-08-21,Approved
780,269,3514,2022-02-12,Approved
781,199,1248,2022-11-20,Rejected
782,323,1581,2023-06-01,Pending
783,812,468,2022-10-29,Rejected
784,442,781,2024-05-26,Rejected
785,371,1926,2023-03-10,Rejected
786,864,3792,2023-06-11,Pending
787,1090,1260,2022-08-24,Pending
788,1154,444,2022-07-08,Pending
789,1040,2991,2024-04-26,Rejected
790,649,2848,2024-08-24,Pending
791,1005,1198,2024-10-20,Approved
792,726,1216,2024-03-10,Rejected
793,146,3326,2024-01-10,Approved
794,162,2542,2024-04-23,Rejected
795,1038,736,2024-05-25,Pending
796,27,2720,2023-04-06,Approved
797,843,3606,2023-10-29,Rejected
798,531,2478,2022-09-09,Rejected
799,849,122,2022-03-14,Rejected
800,78,1129,2024-11-28,Rejected
801,720,319,2024-06-25,Pending
802,110,2015,2023-01-12,Rejected
803,187,853,2022-06-17,Pending
804,438,1013,2022-08-08,Approved
805,305,3364,2022-07-12,Rejected
806,449,1831,2023-09-09,Rejected
807,853,410,2022-08-04,Approved
808,182,2376,2023-04-30,Approved
809,643,2119,2024-05-18,Approved
810,165,964,2022-02-27,Rejected
811,570,720,2024-08-22,Approved
812,155,3669,2024-12-03,Approved
813,1088,3436,2023-01-25,Rejected
814,775,777,2023-09-18,Rejected
815,368,1434,2024-06-18,Approved
816,278,3842,2023-02-19,Pending
817,264,3879,2022-02-07,Rejected
818,1062,2423,2022-03-01,Pending
819,667,3508,2022-06-15,Approved
820,987,3376,2023-06-30,Approved
821,1159,24,2024-03-28,Pending
822,218,827,2022-06-04,Pending
823,41,492,2022-02-21,Rejected
824,38,1694,2024-11-07,Approved
825,345,626,2023-12-09,Rejected
826,1167,1447,2022-11-02,Approved
827,261,958,2024-03-29,Approved
828,248,3000,2023-04-01,Rejected
829,1134,1823,2023-12-13,Approved
830,641,3769,2022-11-05,Rejected
831,1102,1595,2023-12-31,Rejected
832,629,2119,2023-11-07,Approved
833,272,1490,2024-02-23,Pending
834,749,1925,2024-10-01,Pending
835,482,329,2023-12-06,Rejected
836,106,299,2024-10-10,Rejected
837,8,3563,2022-01-10,Approved
838,1020,2466,2022-06-30,Approved
839,362,7,2023-12-12,Rejected
840,172,2410,2024-01-05,Approved
841,847,600,2022-02-14,Approved
842,326,844,2022-10-15,Pending
843,428,3491,2022-03-28,Approved
844,979,1384,2023-06-27,Pending
845,683,2449,2024-09-29,Pending
846,546,2567,2023-10-10,Approved
847,1203,3300,2023-03-20,Rejected
848,1186,1342,2023-07-12,Approved
849,368,872,2024-05-15,Rejected
850,65,423,2022-09-26,Rejected
851,832,1716,2022-06-05,Approved
852,755,3146,2022-09-12,Pending
853,459,1405,2023-11-19,Rejected
854,982,506,2022-12-12,Rejected
855,1227,187,2024-04-18,Pending
856,1,1268,2022-04-27,Pending
857,233,2570,2023-04-06,Rejected
858,441,3681,2022-05-31,Pending
859,12,1904,2022-05-10,Approved
860,470,1037,2022-10-25,Pending
861,793,1772,2022-06-18,Pending
862,533,3853,2023-02-17,Rejected
863,135,2847,2024-08-07,Approved
864,435,460,2023-10-07,Approved
865,181,1449,2023-09-14,Rejected
866,471,1163,2024-11-27,Rejected
867,83,728,2024-01-03,Pending
868,375,2743,2023-01-14,Rejected
869,322,1447,2023-08-30,Approved
870,1124,3786,2023-02-16,Pending
871,582,1997,2023-07-17,Rejected
872,1208,1090,2023-06-03,Pending
873,586,1673,2022-01-06,Pending
874,1096,2429,2022-09-30,Approved
875,465,102,2023-12-26,Approved
876,401,3776,2024-08-31,Pending
877,569,742,2024-05-13,Rejected
878,905,1617,2023-04-12,Approved
879,894,2108,2022-02-20,Rejected
880,480,3613,2023-09-26,Approved
881,572,2726,2022-01-15,Rejected
882,1152,2804,2024-09-17,Approved
883,1123,643,2022-08-30,Rejected
884,896,1791,2023-09-01,Approved
885,859,706,2024-10-11,Pending
886,1034,848,2023-06-04,Approved
887,868,3452,2023-08-10,Rejected
888,950,3758,2024-06-01,Pending
889,1070,1526,2022-04-13,Approved
890,289,1494,2023-08-15,Pending
891,192,2585,2023-10-09,Rejected
892,327,514,2024-07-18,Rejected
893,343,133,2024-12-03,Approved
894,1098,537,2022-06-16,Approved
895,41,2852,2022-09-09,Approved
896,985,1948,2023-08-10,Rejected
897,770,1847,2024-07-24,Rejected
898,658,777,2024-07-07,Approved
899,225,2386,2024-08-02,Approved
900,1113,613,2023-05-22,Rejected
901,709,3082,2023-05-18,Approved
902,919,2126,2024-02-18,Approved
903,702,3768,2022-10-14,Approved
904,609,1408,2024-08-18,Approved
905,115,3609,2024-02-12,Approved
906,242,704,2023-04-25,Rejected
907,157,456,2024-11-20,Approved
908,1160,397,2022-07-06,Pending
909,1037,1149,2024-03-29,Approved
910,1008,2758,2023-11-02,Approved
911,1141,2678,2024-01-16,Pending
912,754,1179,2024-05-14,Pending
913,1079,2238,2022-09-24,Approved
914,342,3552,2023-11-06,Pending
915,34,661,2022-09-29,Pending
916,488,216,2023-03-30,Approved
917,134,1206,2023-11-13,Pending
918,219,2211,2022-07-16,Approved
919,1091,1740,2022-12-27,Rejected
920,204,3525,2024-11-26,Rejected
921,994,956,2024-11-30,Pending
922,826,541,2022-05-20,Rejected
923,121,2718,2023-07-28,Rejected
924,69,718,2024-11-26,Approved
925,597,1243,2023-07-12,Rejected
926,574,2844,2022-05-25,Pending
927,1040,2211,2024-09-03,Pending
928,687,3352,2023-12-02,Pending
929,486,1407,2022-03-12,Pending
930,1158,1556,2022-04-25,Approved
931,473,2146,2022-08-11,Pending
932,24,1108,2024-06-02,Pending
933,833,3066,2022-10-04,Pending
934,835,2134,2023-04-17,Rejected
935,782,2150,2023-09-21,Approved
936,1104,607,2023-02-02,Approved
937,965,2238,2023-11-05,Pending
938,26,3270,2024-12-24,Approved
939,433,547,2023-05-24,Approved
940,738,3530,2024-04-21,Approved
941,1090,2494,2024-02-03,Pending
942,143,2780,2023-03-03,Pending
943,371,1857,2024-12-26,Approved
944,396,735,2024-04-05,Rejected
945,629,1122,2024-04-10,Approved
946,1195,3803,2024-03-19,Rejected
947,126,1045,2024-10-03,Pending
948,266,3,2022-10-29,Pending
949,850,3084,2022-11-25,Pending
950,844,948,2023-01-23,Pending
951,1218,1946,2023-07-01,Pending
952,762,3194,2022-11-14,Approved
953,530,600,2022-12-12,Approved
954,10,3632,2023-03-09,Approved
955,642,3060,2022-04-06,Rejected
956,930,1329,2023-06-22,Approved
957,449,3394,2024-10-24,Pending
958,357,1640,2023-11-11,Rejected
959,874,2910,2022-12-04,Rejected
960,773,402,2023-09-02,Rejected
961,356,2339,2024-11-27,Approved
962,502,2720,2023-10-15,Approved
963,92,1504,2024-10-02,Rejected
964,75,2827,2023-11-13,Pending
965,203,1514,2022-08-25,Rejected
966,168,568,2024-01-06,Approved
967,806,624,2024-06-17,Pending
968,269,2004,2022-09-09,Rejected
969,1180,933,2024-04-29,Rejected
970,889,906,2024-07-03,Rejected
971,1161,2877,2022-03-14,Rejected
972,1155,233,2023-01-05,Rejected
973,1023,796,2024-01-21,Rejected
974,657,1460,2024-03-14,Approved
975,743,1530,2024-02-21,Pending
976,187,2988,2024-07-19,Approved
977,259,2151,2022-11-05,Rejected
978,588,2947,2023-11-21,Rejected
979,293,3851,2022-09-29,Rejected
980,900,3601,2022-03-06,Pending
981,973,1498,2023-03-14,Approved
982,1028,1584,2023-01-16,Rejected
983,437,213,2023-09-25,Pending
984,400,2646,2022-01-19,Pending
985,51,2222,2022-05-26,Rejected
986,530,2548,2022-03-15,Rejected
987,1192,1744,2023-04-21,Approved
988,472,742,2023-02-18,Approved
989,57,390,2024-03-13,Approved
990,184,598,2024-05-29,Approved
991,1036,2705,2022-09-06,Pending
992,113,3486,2024-07-01,Rejected
993,1201,3813,2024-02-04,Approved
994,325,2145,2023-01-05,Approved
995,1021,3386,2023-12-28,Pending
996,777,3405,2022-05-03,Approved
997,1019,984,2022-12-28,Approved
998,18,711,2024-07-21,Approved
999,72,962,2024-12-18,Rejected
1000,1199,2029,2023-04-14,Approved
1001,1051,1887,2022-04-13,Pending
1002,1107,2741,2022-03-15,Rejected
1003,775,2724,2024-06-23,Approved
1004,588,1314,2024-10-12,Rejected
1005,1094,3441,2023-02-18,Rejected
1006,920,3647,2023-07-08,Rejected
1007,341,3487,2022-10-13,Pending
1008,906,2836,2023-04-18,Pending
1009,658,863,2023-12-13,Pending
1010,45,2093,2022-12-04,Rejected
1011,70,1934,2022-01-30,Pending
1012,1146,3161,2023-05-28,Rejected
1013,605,1244,2024-05-16,Pending
1014,439,264,2023-12-27,Pending
1015,134,1527,2024-12-05,Pending
1016,209,489,2024-07-25,Approved
1017,450,2601,2022-10-29,Approved
1018,892,2243,2023-02-08,Approved
1019,617,699,2023-07-21,Pending
1020,463,3415,2024-09-13,Pending
1021,865,2288,2024-12-11,Rejected
1022,382,328,2023-02-18,Rejected
1023,207,87,2023-04-11,Rejected
1024,719,2156,2022-05-16,Rejected
1025,158,2408,2023-07-01,Rejected
1026,686,149,2023-02-06,Approved
1027,248,3509,2023-06-03,Pending
1028,357,1424,2023-05-25,Pending
1029,635,2303,2023-07-25,Pending
1030,869,1547,2022-03-14,Approved
1031,528,517,2022-09-01,Approved
1032,178,122,2024-01-30,Pending
1033,31,1144,2022-06-29,Pending
1034,177,1284,2024-06-21,Rejected
1035,940,2335,2022-11-29,Approved
1036,574,2887,2024-12-07,Pending
1037,441,1048,2022-08-30,Rejected
1038,268,3086,2023-03-31,Rejected
1039,533,2964,2022-09-22,Pending
1040,1172,1600,2022-06-07,Pending
1041,660,999,2023-08-05,Approved
1042,491,2520,2022-11-13,Rejected
1043,1098,594,2022-09-10,Rejected
1044,342,3584,2023-11-09,Pending
1045,720,643,2024-11-01,Rejected
1046,1040,3437,2024-03-23,Approved
1047,420,3501,2022-08-17,Approved
1048,448,1374,2024-04-23,Pending
1049,719,3828,2022-04-23,Pending
1050,234,816,2024-01-09,Approved
1051,440,261,2024-11-10,Approved
1052,888,1813,2023-06-05,Approved
1053,384,2201,2023-05-28,Rejected
1054,105,2375,2022-12-25,Pending
1055,652,1443,2024-11-27,Approved
1056,693,576,2024-06-23,Rejected
1057,782,2339,2024-06-27,Rejected
1058,526,3101,2022-05-23,Approved
1059,198,3194,2023-09-30,Approved
1060,84,1330,2022-04-19,Pending
1061,454,3253,2024-02-18,Approved
1062,907,2475,2022-05-16,Approved
1063,1227,1339,2024-10-19,Approved
1064,934,2335,2023-05-17,Rejected
1065,438,2412,2022-01-08,Approved
1066,146,401,2023-07-16,Rejected
1067,10,302,2023-06-22,Pending
1068,1047,1569,2023-05-24,Pending
1069,163,2763,2023-06-02,Rejected
1070,1137,1041,2024-01-07,Pending
1071,869,3451,2022-12-25,Pending
1072,468,610,2022-01-29,Approved
1073,15,898,2023-07-18,Rejected
1074,1166,3292,2023-11-09,Approved
1075,55,564,2024-11-03,Rejected
1076,738,585,2023-07-06,Rejected
1077,576,1332,2024-11-02,Rejected
1078,343,1541,2022-05-31,Pending
1079,466,1353,2022-05-12,Pending
1080,32,2761,2022-10-05,Rejected
1081,888,1672,2022-12-10,Approved
1082,327,344,2023-09-05,Pending
1083,551,905,2022-11-29,Approved
1084,256,102,2024-08-26,Rejected
1085,1135,3225,2024-01-01,Rejected
1086,1044,1210,2024-09-07,Rejected
1087,596,1245,2024-04-29,Approved
1088,726,728,2022-06-24,Approved
1089,364,964,2023-10-30,Rejected
1090,1165,1825,2023-01-17,Pending
1091,355,3352,2023-09-23,Pending
1092,194,3436,2023-01-25,Approved
1093,359,3258,2023-07-20,Rejected
1094,479,1335,2023-01-14,Approved
1095,300,3037,2022-08-15,Pending
1096,1002,3520,2024-11-20,Pending
1097,848,3018,2024-03-17,Pending
1098,498,2260,2024-05-01,Rejected
1099,56,2023,2024-03-02,Rejected
1100,1227,1535,2022-06-26,Pending
1101,94,3095,2024-04-28,Rejected
1102,1151,3533,2023-03-05,Pending
1103,284,310,2023-10-22,Pending
1104,900,1406,2023-10-08,Pending
1105,108,634,2022-07-24,Approved
1106,54,1613,2024-04-02,Pending
1107,615,3139,2023-09-05,Approved
1108,90,1942,2022-03-13,Rejected
1109,453,3707,2022-12-19,Pending
1110,166,1237,2023-07-26,Rejected
1111,62,1970,2024-03-01,Pending
1112,736,3794,2024-11-09,Rejected
1113,859,1382,2022-12-19,Approved
1114,743,330,2024-06-27,Approved
1115,322,789,2024-09-04,Pending
1116,549,2839,2024-02-03,Pending
1117,114,3671,2024-01-11,Pending
1118,218,1144,2023-10-22,Rejected
1119,436,2044,2024-11-21,Rejected
1120,691,2993,2024-09-22,Pending
1121,1003,2190,2022-04-07,Pending
1122,397,487,2024-07-22,Rejected
1123,298,2761,2023-10-13,Pending
1124,215,2174,2023-02-25,Rejected
1125,1202,3112,2022-06-21,Pending
1126,229,1417,2024-05-29,Pending
1127,248,2301,2023-10-04,Approved
1128,1188,2808,2023-10-18,Approved
1129,894,3629,2023-04-04,Approved
1130,326,1773,2022-07-06,Rejected
1131,1089,3744,2022-03-19,Rejected
1132,1182,457,2023-01-24,Approved
1133,993,811,2024-09-27,Approved
1134,300,3228,2023-03-11,Rejected
1135,725,387,2022-01-28,Rejected
1136,591,1577,2022-04-10,Approved
1137,62,1305,2022-04-16,Pending
1138,401,3381,2023-03-17,Rejected
1139,311,651,2024-08-04,Pending
1140,390,2675,2024-03-02,Pending
1141,653,2987,2024-11-11,Approved
1142,1089,529,2022-02-25,Rejected
1143,298,1642,2022-12-20,Approved
1144,492,1816,2023-12-10,Pending
1145,1149,3748,2023-07-06,Pending
1146,167,2178,2023-12-16,Approved
1147,159,2048,2024-06-05,Approved
1148,955,3257,2024-06-29,Approved
1149,707,2480,2023-04-15,Pending
1150,1144,2483,2023-07-19,Pending
1151,8,1851,2023-10-26,Rejected
1152,806,2894,2023-02-12,Pending
1153,196,542,2024-07-24,Approved
1154,1088,3572,2023-01-19,Rejected
1155,122,1060,2023-03-16,Rejected
1156,192,1070,2023-10-08,Pending
1157,18,3783,2023-07-29,Pending
1158,1042,511,2023-08-24,Approved
1159,24,3208,2024-11-23,Pending
1160,977,2860,2024-12-27,Pending
1161,543,985,2024-04-02,Pending
1162,16,2605,2023-06-03,Approved
1163,638,3592,2024-04-12,Rejected
1164,546,3465,2023-03-19,Rejected
1165,482,3512,2022-08-06,Pending
1166,928,2512,2023-04-09,Rejected
1167,230,127,2024-01-05,Pending
1168,295,719,2024-07-08,Approved
1169,691,170,2022-07-16,Rejected
1170,250,2914,2022-08-26,Approved
1171,360,3822,2024-11-11,Approved
1172,111,2175,2022-08-08,Approved
1173,1064,3697,2022-04-28,Approved
1174,281,2052,2023-04-22,Rejected
1175,993,1164,2024-12-26,Rejected
1176,344,82,2023-08-27,Rejected
1177,1198,141,2024-02-06,Rejected
1178,496,484,2024-06-12,Pending
1179,1080,2459,2023-10-01,Pending
1180,271,2516,2022-06-13,Rejected
1181,121,3441,2022-07-11,Rejected
1182,66,1928,2022-07-29,Rejected
1183,347,1573,2023-11-08,Approved
1184,369,1309,2024-11-13,Approved
1185,524,341,2023-08-25,Approved
1186,639,2493,2024-05-04,Rejected
1187,835,516,2024-07-15,Pending
1188,1151,1748,2023-08-25,Rejected
1189,909,835,2023-08-26,Rejected
1190,433,2725,2023-01-03,Approved
1191,357,1094,2022-10-28,Rejected
1192,1076,2258,2023-02-19,Rejected
1193,176,2004,2023-07-09,Rejected
1194,278,1937,2023-05-17,Rejected
1195,349,263,2023-10-18,Approved
1196,960,1898,2022-09-24,Pending
1197,33,986,2022-06-27,Approved
1198,557,1047,2024-10-22,Approved
1199,809,993,2024-11-07,Approved
1200,893,412,2022-11-02,Rejected
1201,476,1900,2024-12-01,Rejected
1202,637,3472,2023-03-31,Rejected
1203,686,3133,2024-02-24,Approved
1204,971,1060,2024-06-15,Pending
1205,582,2304,2022-03-14,Rejected
1206,310,1120,2023-05-22,Rejected
1207,46,204,2023-12-18,Approved
1208,1016,3469,2023-12-29,Rejected
1209,750,2819,2023-10-30,Pending
1210,332,233,2022-06-16,Approved
1211,1178,1096,2023-12-23,Approved
1212,123,2600,2023-04-18,Rejected
1213,1161,3130,2022-01-04,Pending
1214,465,3112,2022-02-06,Rejected
1215,1096,1348,2022-09-24,Pending
1216,650,2670,2023-01-24,Pending
1217,464,2856,2022-05-20,Approved
1218,134,325,2022-03-08,Pending
1219,1165,3031,2024-03-02,Pending
1220,811,1823,2024-02-12,Pending
1221,98,2367,2022-01-14,Pending
1222,933,378,2023-12-26,Rejected
1223,945,1495,2024-09-11,Approved
1224,593,1020,2024-05-17,Approved
1225,548,2899,2022-09-08,Rejected
1226,41,78,2022-10-25,Approved
1227,178,576,2022-01-05,Rejected
1228,722,908,2024-02-11,Pending
1229,480,397,2022-01-13,Pending
1230,1000,2392,2023-07-24,Approved
1231,1160,1894,2024-09-29,Pending
1232,267,3645,2024-08-04,Rejected
1233,638,1836,2023-02-20,Pending
1234,630,247,2023-03-28,Approved
1235,711,1338,2024-05-13,Rejected
1236,29,713,2023-07-16,Approved
1237,805,3763,2023-06-26,Rejected
1238,975,3517,2023-11-06,Rejected
1239,186,2111,2024-11-12,Rejected
1240,873,3759,2022-10-18,Rejected
1241,281,1561,2023-09-26,Pending
1242,564,1828,2023-04-16,Pending
1243,667,2834,2023-03-03,Approved
1244,1217,148,2024-02-17,Rejected
1245,728,2206,2022-09-18,Pending
1246,353,3103,2022-05-16,Approved
1247,945,2823,2022-03-08,Pending
1248,701,2119,2023-04-07,Approved
1249,346,2967,2022-06-11,Rejected
1250,507,2719,2023-03-12,Approved
1251,955,2674,2023-11-28,Rejected
1252,940,868,2023-02-11,Rejected
1253,348,915,2024-02-12,Approved
1254,208,816,2022-11-06,Rejected
1255,19,2013,2022-08-05,Pending
1256,1076,2076,2023-12-11,Pending
1257,500,2014,2024-02-20,Rejected
1258,612,2818,2022-10-27,Pending
1259,1092,593,2023-03-23,Approved
1260,376,287,2024-05-26,Rejected
1261,1146,1767,2024-11-14,Approved
1262,62,784,2023-01-17,Rejected
1263,1135,524,2024-05-11,Pending
1264,1092,3031,2023-07-18,Rejected
1265,221,2299,2023-05-23,Approved
1266,51,701,2024-05-21,Rejected
1267,804,1002,2023-01-22,Approved
1268,854,900,2024-05-10,Pending
1269,1004,3719,2024-08-27,Rejected
1270,1207,2086,2022-10-11,Approved
1271,672,2252,2023-09-25,Rejected
1272,934,1080,2023-12-18,Pending
1273,687,425,2023-03-26,Pending
1274,388,2514,2023-05-13,Pending
1275,304,739,2023-10-24,Pending
1276,130,1392,2024-01-24,Pending
1277,1084,3126,2023-12-14,Rejected
1278,745,3739,2022-04-27,Approved
1279,139,2292,2022-05-13,Rejected
1280,636,3365,2023-03-26,Pending
1281,336,2536,2024-06-26,Approved
1282,88,2668,2023-03-06,Rejected
1283,127,3799,2024-03-13,Approved
1284,529,3305,2022-05-20,Pending
1285,257,2470,2024-02-02,Pending
1286,1211,1467,2022-01-15,Rejected
1287,590,1435,2024-10-09,Pending
1288,300,2182,2022-08-26,Rejected
1289,942,3863,2023-12-15,Approved
1290,663,2102,2023-03-21,Rejected
1291,948,3127,2024-03-04,Pending
1292,503,2429,2022-12-29,Rejected
1293,705,2989,2024-10-16,Approved
1294,825,1017,2023-02-24,Rejected
1295,314,1177,2024-12-05,Approved
1296,633,737,2022-03-07,Approved
1297,891,3564,2023-07-29,Rejected
1298,478,2852,2022-03-17,Pending
1299,514,405,2022-12-26,Pending
1300,701,3509,2024-06-24,Approved
1301,263,2806,2023-09-03,Pending
1302,751,3287,2024-03-07,Pending
1303,301,100,2022-09-28,Pending
1304,627,2890,2024-10-17,Rejected
1305,892,28,2023-10-08,Rejected
1306,267,3276,2023-12-16,Approved
1307,456,1662,2024-06-24,Pending
1308,38,3513,2023-06-06,Rejected
1309,893,1103,2024-08-19,Approved
1310,310,2204,2022-07-05,Rejected
1311,168,790,2022-11-27,Pending
1312,1060,632,2024-11-22,Rejected
1313,254,527,2023-03-25,Approved
1314,1124,3468,2024-09-28,Pending
1315,604,3164,2022-05-02,Rejected
1316,1114,95,2024-08-28,Pending
1317,446,1100,2024-02-17,Rejected
1318,1075,3175,2024-11-03,Pending
1319,41,3608,2023-04-13,Pending
1320,1052,2541,2022-09-27,Approved
1321,320,2102,2024-02-02,Pending
1322,1028,536,2024-05-14,Approved
1323,140,1445,2023-08-04,Pending
1324,52,435,2024-01-16,Rejected
1325,879,3797,2023-02-07,Approved
1326,847,146,2024-04-29,Rejected
1327,193,3857,2024-02-23,Rejected
1328,315,1807,2023-10-30,Rejected
1329,616,1087,2022-02-12,Pending
1330,1099,3090,2024-10-29,Approved
1331,209,3296,2024-10-02,Approved
1332,923,1071,2024-09-29,Pending
1333,11,1253,2022-12-13,Approved
1334,252,1043,2022-06-02,Pending
1335,414,589,2024-08-06,Rejected
1336,574,3830,2024-09-23,Approved
1337,894,3759,2023-04-10,Approved
1338,264,2028,2024-08-20,Approved
1339,707,1727,2023-11-03,Approved
1340,1076,1575,2022-04-04,Rejected
1341,1006,164,2023-05-19,Approved
1342,872,1735,2023-05-17,Pending
1343,504,3012,2024-06-03,Rejected
1344,724,2209,2023-07-31,Approved
1345,67,2043,2024-09-22,Pending
1346,1016,208,2022-09-29,Rejected
1347,573,1917,2022-01-04,Pending
1348,529,2877,2023-03-26,Pending
1349,180,3368,2023-01-20,Approved
1350,1127,2360,2023-03-09,Approved
1351,976,914,2023-10-01,Approved
1352,1223,1507,2024-01-02,Pending
1353,408,1942,2022-07-11,Rejected
1354,911,1606,2023-02-23,Approved
1355,1224,1751,2022-08-31,Approved
1356,196,617,2024-05-12,Pending
1357,93,2764,2023-09-04,Pending
1358,375,2164,2022-05-03,Rejected
1359,222,1112,2022-06-16,Rejected
1360,7,1096,2022-02-03,Rejected
1361,453,1052,2023-02-26,Approved
1362,338,719,2024-12-04,Rejected
1363,295,3408,2022-05-01,Approved
1364,690,87,2022-06-09,Rejected
1365,1113,1781,2024-08-25,Approved
1366,168,1734,2023-07-16,Approved
1367,513,1575,2022-10-27,Pending
1368,766,2227,2022-05-06,Rejected
1369,649,3281,2022-11-22,Approved
1370,496,920,2023-10-19,Pending
1371,650,3203,2024-02-01,Pending
1372,794,3013,2023-06-02,Approved
1373,569,1527,2024-11-03,Rejected
1374,599,145,2024-09-29,Approved
1375,753,800,2022-05-04,Rejected
1376,300,3110,2022-12-24,Pending
1377,409,2448,2022-02-24,Approved
1378,572,2808,2023-11-16,Rejected
1379,661,2555,2022-08-11,Rejected
1380,1134,1107,2022-04-23,Rejected
1381,210,949,2024-07-06,Rejected
1382,22,2675,2023-09-28,Rejected
1383,193,3019,2024-05-20,Pending
1384,665,206,2023-12-24,Approved
1385,978,3452,2022-03-07,Pending
1386,237,1561,2024-09-22,Approved
1387,187,3818,2024-07-03,Approved
1388,39,661,2023-02-11,Approved
1389,1000,2831,2024-05-25,Approved
1390,545,1,2022-11-25,Approved
1391,994,3045,2023-02-08,Pending
1392,1102,3080,2023-03-20,Rejected
1393,983,54,2022-06-24,Pending
1394,1065,3556,2023-12-30,Approved
1395,174,960,2024-07-14,Rejected
1396,192,3603,2022-07-21,Pending
1397,712,3400,2023-10-26,Pending
1398,549,3002,2023-05-06,Rejected
1399,536,539,2024-09-12,Pending
1400,277,3226,2022-07-21,Rejected
1401,170,3799,2023-05-29,Approved
1402,1063,66,2022-04-29,Pending
1403,290,1942,2023-11-25,Rejected
1404,34,3265,2022-08-26,Rejected
1405,761,2918,2022-09-06,Pending
1406,480,587,2024-02-09,Rejected
1407,529,1164,2022-06-29,Rejected
1408,202,2337,2024-12-17,Rejected
1409,272,149,2024-04-12,Approved
1410,602,623,2024-01-20,Approved
1411,778,45,2022-06-12,Rejected
1412,656,3362,2024-08-19,Approved
1413,1167,3681,2023-07-12,Rejected
1414,493,3769,2024-08-03,Pending
1415,937,1116,2022-07-07,Approved
1416,699,2713,2024-10-12,Approved
1417,923,109,2023-01-03,Pending
1418,1220,1333,2024-06-24,Rejected
1419,948,1921,2022-02-05,Pending
1420,697,3770,2023-05-26,Approved
1421,374,883,2024-05-26,Approved
1422,371,2031,2024-09-09,Pending
1423,1185,2235,2024-11-19,Rejected
1424,873,3015,2022-09-25,Rejected
1425,526,3028,2023-11-13,Pending
1426,1147,1458,2024-08-30,Rejected
1427,367,2074,2024-06-17,Pending
1428,122,3721,2024-12-17,Pending
1429,785,1537,2022-03-05,Approved
1430,1119,3804,2024-08-07,Pending
1431,890,2972,2022-09-17,Rejected
1432,425,1883,2023-10-25,Approved
1433,25,3617,2022-07-10,Rejected
1434,746,2406,2024-05-27,Rejected
1435,413,1517,2024-05-04,Rejected
1436,1062,3873,2024-06-22,Approved
1437,635,2716,2024-09-15,Pending
1438,1098,3872,2022-03-08,Approved
1439,220,81,2024-09-11,Pending
1440,784,3337,2023-12-21,Pending
1441,845,688,2022-09-04,Rejected
1442,671,476,2024-02-15,Approved
1443,278,466,2024-01-30,Approved
1444,1023,1048,2022-09-17,Approved
1445,522,2268,2022-09-25,Approved
1446,68,293,2024-08-23,Rejected
1447,155,2147,2022-04-18,Approved
1448,56,705,2022-11-30,Rejected
1449,472,3196,2022-09-30,Pending
1450,797,305,2022-09-08,Rejected
1451,450,779,2023-01-13,Approved
1452,1119,1767,2022-02-26,Rejected
1453,404,2168,2022-04-07,Pending
1454,240,240,2024-09-22,Rejected
1455,416,2288,2023-05-14,Rejected
1456,561,2413,2023-09-12,Rejected
1457,228,2770,2022-08-25,Rejected
1458,17,2214,2024-12-26,Approved
1459,764,3302,2024-03-22,Approved
1460,870,3037,2023-10-10,Approved
1461,122,2952,2023-03-03,Pending
1462,994,455,2024-02-06,Rejected
1463,11,3852,2023-04-29,Rejected
1464,525,2722,2022-03-15,Rejected
1465,1045,2628,2023-02-01,Pending
1466,361,2244,2023-04-21,Approved
1467,23,97,2024-09-11,Approved
1468,1040,865,2024-05-19,Pending
1469,1144,3628,2022-09-14,Rejected
1470,953,1215,2023-07-08,Approved
1471,410,680,2022-10-25,Approved
1472,881,3712,2024-02-02,Approved
1473,242,1533,2024-02-13,Rejected
1474,894,3242,2024-06-21,Approved
1475,1228,781,2022-10-30,Pending
1476,440,2112,2022-12-02,Rejected
1477,1048,1335,2024-01-19,Approved
1478,1017,1856,2022-07-09,Approved
1479,1223,3042,2022-11-25,Rejected
1480,578,3418,2024-03-12,Approved
1481,562,1810,2023-07-26,Pending
1482,272,1928,2022-05-23,Approved
1483,715,528,2023-04-21,Rejected
1484,154,2143,2022-11-21,Pending
1485,102,1407,2022-11-04,Rejected
1486,281,609,2024-01-30,Rejected
1487,557,497,2022-10-20,Rejected
1488,862,2012,2023-07-01,Approved
1489,1115,2029,2024-06-24,Approved
1490,627,1282,2023-05-31,Rejected
1491,790,1765,2023-04-25,Pending
1492,645,1436,2022-01-12,Approved
1493,624,1012,2023-02-07,Pending
1494,416,2886,2023-06-03,Rejected
1495,680,2881,2022-09-09,Pending
1496,181,1402,2024-08-31,Pending
1497,1042,3563,2022-07-04,Pending
1498,737,1253,2022-09-11,Rejected
1499,83,3102,2022-04-25,Pending
1500,357,3663,2023-06-21,Rejected
1501,1024,347,2022-12-22,Rejected
1502,363,3755,2023-11-21,Pending
1503,159,507,2022-04-13,Pending
1504,898,2757,2022-07-11,Rejected
1505,534,3016,2024-09-04,Pending
1506,948,3368,2022-01-08,Approved
1507,256,3325,2022-03-27,Pending
1508,1154,1095,2022-06-11,Pending
1509,217,419,2024-04-07,Rejected
1510,458,2502,2023-05-19,Rejected
1511,402,1800,2024-12-22,Rejected
1512,870,1611,2022-05-18,Approved
1513,995,811,2022-06-12,Rejected
1514,937,1899,2023-06-21,Pending
1515,426,2514,2022-02-07,Pending
1516,1062,2205,2024-04-08,Pending
1517,1182,691,2022-01-25,Rejected
1518,87,3841,2024-11-21,Approved
1519,1213,3065,2022-12-25,Approved
1520,854,2022,2023-01-14,Pending
1521,818,2347,2022-01-13,Approved
1522,159,3789,2022-03-29,Approved
1523,20,3780,2022-02-24,Pending
1524,1147,2724,2022-08-23,Rejected
1525,1055,2681,2023-09-06,Rejected
1526,494,833,2024-07-23,Approved
1527,584,886,2024-07-10,Pending
1528,762,1540,2023-01-06,Approved
1529,1213,2499,2022-05-21,Approved
1530,1094,1789,2023-09-28,Rejected
1531,315,2175,2022-06-25,Rejected
1532,437,634,2023-02-16,Pending
1533,991,2152,2023-04-24,Pending
1534,119,3079,2024-11-02,Pending
1535,438,1922,2022-05-21,Rejected
1536,199,3190,2023-03-06,Rejected
1537,62,2088,2022-10-02,Approved
1538,1054,787,2024-11-15,Rejected
1539,175,667,2023-06-09,Pending
1540,32,1006,2024-08-23,Approved
1541,436,1504,2023-02-17,Approved
1542,25,3557,2024-06-19,Approved
1543,1223,583,2024-02-18,Approved
1544,535,2256,2024-01-07,Approved
1545,557,1327,2024-07-12,Pending
1546,789,722,2024-01-05,Approved
1547,1112,3545,2024-07-27,Rejected
1548,917,3028,2022-05-09,Pending
1549,988,378,2022-07-13,Approved
1550,477,3452,2024-04-24,Approved
1551,417,1669,2023-03-09,Pending
1552,1199,2288,2023-12-23,Approved
1553,237,1418,2022-06-08,Rejected
1554,567,2880,2023-11-24,Pending
1555,1002,459,2023-04-11,Rejected
1556,388,770,2023-07-16,Pending
1557,1195,1191,2022-12-06,Approved
1558,323,1008,2023-02-09,Pending
1559,232,2674,2024-07-23,Pending
1560,785,2516,2024-12-04,Pending
1561,867,1793,2024-07-20,Rejected
1562,923,2477,2023-10-24,Approved
1563,296,787,2024-08-26,Pending
1564,37,1340,2024-06-02,Pending
1565,433,3197,2024-02-23,Rejected
1566,725,1847,2024-07-18,Rejected
1567,469,2809,2022-02-09,Pending
1568,1129,2704,2022-03-20,Approved
1569,497,2551,2024-03-07,Approved
1570,1170,497,2022-09-29,Approved
1571,813,3430,2024-05-16,Approved
1572,774,3095,2023-06-06,Rejected
1573,301,2350,2022-09-05,Rejected
1574,639,1203,2024-03-01,Rejected
1575,1218,3115,2022-12-31,Pending
1576,701,3558,2024-02-19,Rejected
1577,859,2367,2023-11-14,Pending
1578,1113,474,2024-02-12,Rejected
1579,803,3742,2023-11-14,Pending
1580,1109,194,2022-12-12,Rejected
1581,707,3540,2024-06-08,Rejected
1582,619,2884,2024-03-18,Rejected
1583,136,208,2024-11-11,Approved
1584,902,918,2024-08-08,Approved
1585,751,799,2024-01-26,Approved
1586,1209,3749,2023-08-20,Pending
1587,336,2126,2022-09-09,Approved
1588,1093,1165,2022-12-02,Approved
1589,772,421,2022-04-10,Approved
1590,1117,326,2022-07-09,Rejected
1591,437,2287,2023-11-23,Pending
1592,678,1804,2022-06-13,Approved
1593,833,451,2024-04-11,Approved
1594,260,3207,2022-10-30,Approved
1595,191,2390,2022-02-25,Pending
1596,128,113,2022-08-02,Approved
1597,138,1876,2022-08-16,Pending
1598,1132,195,2022-07-09,Pending
1599,519,3437,2024-12-15,Approved
1600,1024,1027,2022-08-14,Approved
1601,75,2009,2023-07-25,Pending
1602,1013,971,2022-10-04,Pending
1603,688,1609,2024-07-12,Rejected
1604,620,2721,2023-02-25,Rejected
1605,520,1480,2022-02-27,Rejected
1606,444,702,2022-03-10,Pending
1607,36,3839,2022-03-10,Rejected
1608,449,3415,2024-08-17,Pending
1609,60,908,2023-07-26,Rejected
1610,56,343,2022-07-12,Rejected
1611,309,1536,2022-09-17,Approved
1612,496,748,2022-05-03,Approved
1613,362,3171,2022-11-28,Approved
1614,56,3012,2022-09-17,Approved
1615,255,1348,2023-09-09,Pending
1616,618,2062,2024-03-24,Approved
1617,490,2182,2022-12-18,Pending
1618,1023,45,2023-12-03,Approved
1619,758,2453,2024-09-09,Rejected
1620,369,1098,2023-01-01,Rejected
1621,234,2221,2024-01-30,Approved
1622,529,3368,2023-10-26,Rejected
1623,503,1671,2022-05-23,Pending
1624,457,189,2024-06-09,Rejected
1625,769,3086,2023-06-28,Approved
1626,256,3453,2024-04-28,Pending
1627,300,3801,2022-01-10,Rejected
1628,139,2356,2024-06-24,Approved
1629,1049,2511,2024-11-05,Rejected
1630,769,876,2024-03-10,Rejected
1631,411,2223,2023-02-08,Rejected
1632,798,3148,2023-02-06,Approved
1633,74,2621,2023-11-20,Approved
1634,764,1324,2023-11-07,Approved
1635,1188,1384,2023-07-21,Approved
1636,1204,2564,2024-05-04,Pending
1637,740,926,2024-07-13,Rejected
1638,996,2782,2022-10-15,Rejected
1639,579,581,2024-10-20,Approved
1640,1142,610,2022-02-19,Pending
1641,372,2302,2023-05-13,Pending
1642,888,1117,2024-04-13,Pending
1643,118,595,2024-12-11,Approved
1644,712,851,2024-01-29,Approved
1645,739,327,2022-05-26,Pending
1646,90,687,2022-01-21,Rejected
1647,1180,3860,2024-01-19,Approved
1648,1064,518,2023-05-12,Approved
1649,25,3503,2022-09-07,Approved
1650,694,3850,2022-10-14,Pending
1651,157,1983,2022-04-02,Pending
1652,842,618,2024-08-25,Approved
1653,461,3476,2023-12-01,Pending
1654,271,3117,2024-03-09,Approved
1655,356,1419,2023-12-14,Approved
1656,74,2966,2024-07-06,Approved
1657,1226,1384,2023-11-03,Approved
1658,752,1500,2022-07-18,Approved
1659,364,2508,2024-03-04,Rejected
1660,1172,3151,2023-08-19,Pending
1661,1225,1117,2024-02-26,Rejected
1662,795,1014,2024-10-29,Approved
1663,549,530,2023-10-29,Rejected
1664,570,2182,2022-10-08,Pending
1665,636,2989,2024-12-22,Pending
1666,691,2391,2022-07-28,Approved
1667,338,1757,2022-06-21,Approved
1668,190,3172,2024-10-07,Approved
1669,910,1778,2022-02-11,Approved
1670,30,3778,2023-07-11,Approved
1671,278,1523,2024-10-04,Pending
1672,783,253,2024-05-29,Approved
1673,1068,3298,2024-05-30,Approved
1674,265,3134,2024-09-09,Pending
1675,677,1379,2022-01-30,Rejected
1676,212,799,2024-10-04,Pending
1677,1051,1954,2024-01-29,Rejected
1678,766,15,2023-02-23,Rejected
1679,459,2624,2022-12-02,Rejected
1680,222,2309,2023-12-04,Pending
1681,690,764,2024-12-08,Rejected
1682,1133,599,2022-06-05,Rejected
1683,610,722,2022-11-09,Pending
1684,596,1977,2024-05-23,Rejected
1685,1063,3589,2023-11-28,Approved
1686,1220,3199,2022-07-18,Pending
1687,388,2419,2023-02-09,Pending
1688,485,3449,2022-07-08,Pending
